index,particle_id,type_b0,type_b1,type_b2,type_b3,flags16,ptr24,ptr28,ptr36,ptr48,ptr52,ptr56,field0,field4
0,1,2,0,0,0,3,0,0,220,268,288,304,151650,4294903412
1,1,2,0,0,0,3,320,0,516,564,584,600,2164260864,4279567975
2,1,2,0,0,0,3,616,0,836,912,932,948,2147487776,4280616551
3,1,2,1,1,1,3,0,964,976,1024,288,1044,151618,4294903409
4,1,2,0,3,3,3,1060,0,1256,1292,1312,1328,16385,4294903404
5,1,2,0,0,0,3,1060,1344,1356,1292,0,1392,285229057,4294903406
6,1,0,0,0,0,3,1060,1408,1356,0,1420,1436,0,4294903407
7,1,0,0,0,0,3,1060,1452,1464,1500,1520,1536,2117632,4294903408
8,1,2,0,0,0,3,1060,1552,1564,1292,0,1600,268451840,4294903406
9,1,1,0,3,3,3,1060,0,1616,1652,1672,1688,286720,4294903402
10,1,2,0,0,0,3,1704,0,1900,1948,1520,1968,272777280,4294903403
11,1,2,0,3,1,3,1704,0,1984,2032,1520,2052,2420244544,4279240299
12,1,2,0,3,1,3,1704,0,2068,2104,1520,2052,2418147392,4279240299
13,1,0,0,0,0,3,1060,1408,1356,0,1420,1436,0,4294903407
14,1,2,0,3,1,3,1704,0,1984,2032,1520,2052,2420244544,4279240299
15,1,0,0,3,3,3,2136,0,2332,1292,1312,2368,20480,4294903401
16,1,2,0,0,0,3,1060,0,2384,1292,2420,2436,2121729,4294903410
17,1,2,0,3,1,3,1704,0,2452,2104,1520,2052,2418147392,4279240299
18,1,2,0,0,0,3,616,0,836,912,932,948,2147487776,4280616551
19,1,2,0,0,0,3,1704,0,2500,1948,1520,2536,270680128,4294903403
20,1,2,0,1,1,3,2552,0,2748,2796,584,1536,1134656,4279240295
21,1,0,0,0,0,3,1060,0,2816,2864,2884,2900,16793600,4294903411
22,1,2,0,1,1,3,2552,0,2748,2916,584,1536,1134656,4279240295
23,1,5,0,0,0,3,2936,3132,3144,1292,3180,3196,16793600,4294903405
24,1,2,0,1,1,3,2552,0,3212,3248,584,1536,81920,4279240295
25,1,2,0,1,1,3,3268,0,3212,3476,584,3496,64,4294903399
26,1,2,0,1,1,3,2552,0,2748,3512,584,1536,1134656,4279240295
27,1,2,0,0,0,3,320,0,3532,3568,584,600,2164260864,4279502439
28,2,2,1,1,1,3,3588,3784,3144,3796,184,3816,3221241872,68355694
29,3,2,1,1,1,7,3832,4028,2452,4040,184,4060,3221356608,4279043687
30,3,0,0,0,0,3,0,4076,4088,4124,4144,4160,64,4294903441
31,4,2,0,0,0,3,1060,4176,4188,1292,184,4224,32768,83822191
32,5,2,1,1,1,7,4240,4436,2452,4448,184,4468,1082261568,4294903399
33,5,2,0,1,1,3,4484,4680,4692,4740,1520,4760,1073758208,4294903444
34,5,2,0,0,0,3,1060,4776,4788,1292,4824,4840,32768,67044968
35,6,2,0,1,1,3,4484,4680,4692,4740,1520,4856,1073758208,4294903444
36,6,2,1,1,1,7,4872,0,2452,4448,184,4468,1082261584,4294903399
37,6,2,0,0,0,3,1060,5080,5092,5128,4824,5148,32768,67044975
38,7,0,0,0,0,3,0,5164,5176,5212,5232,5248,64,4294903441
39,7,2,1,1,1,7,5264,0,3144,5472,184,5492,1073872976,4294903406
40,7,2,0,0,0,3,5508,5704,5716,1292,4824,5752,32768,67045004
41,8,0,0,0,0,3,0,5164,5176,5212,5232,5248,64,4294903441
42,8,2,1,1,1,3,5768,0,3144,5472,184,5964,1073872976,4294903406
43,8,2,0,0,0,3,1060,5704,3144,1292,4824,5752,64,67045004
44,9,0,0,0,0,3,5980,6176,5716,1292,6188,6204,32768,4294903401
45,9,2,1,1,1,3,6220,6416,6428,6464,6484,6500,1073741828,4279699047
46,9,4,1,1,1,3,6516,6712,3144,6464,6484,6724,3221373008,218039917
47,10,2,1,1,1,3,6740,6936,6972,7020,6484,7040,1073889352,16713319
48,11,2,1,2,2,3,7056,7252,7288,7352,7372,7388,3221246016,35194471
49,12,2,3,3,3,3,7404,7600,7612,7648,184,7668,3222290496,4280682087
50,13,0,0,0,0,3,0,7684,4088,4124,4144,4160,64,4294903441
51,13,2,1,3,3,3,7696,7892,7928,7964,6484,7984,3222290440,139069031
52,13,2,1,3,3,3,8000,7892,4692,8220,6484,8240,64,150931047
53,14,2,1,1,2,3,8256,8452,3144,8492,7372,8512,1073758208,37946983
54,15,2,0,0,0,3,8528,8724,8736,8772,6484,8792,64,4294903399
55,15,2,1,1,1,3,8808,8724,8736,8772,6484,9004,1073741888,50267751
56,15,2,0,0,0,3,1060,9020,9032,9108,3180,9128,147456,4294903450
57,16,2,1,1,1,3,9144,9340,9376,9412,6484,9004,1073872960,50267751
58,19,2,1,1,1,3,9432,6416,9628,9664,6484,9684,1073872916,71108199
59,19,4,0,0,0,3,1060,5704,3144,1292,4824,4224,0,67044967
60,20,2,1,1,1,3,9700,964,9896,1024,9932,9948,3221442560,4279174803
61,20,4,0,0,0,3,1060,964,9964,0,10012,10028,40960,4294903411
62,21,2,1,1,1,7,1060,10044,10080,10116,184,10136,1073872960,4281337447
63,21,2,0,0,0,7,10152,10044,10372,10408,184,10428,1073872960,4294903399
64,21,2,1,1,1,7,10444,10044,10372,10116,184,10136,1073872960,4281337447
65,21,2,1,1,1,7,1060,10044,10372,10116,184,10136,1073872960,4281337447
66,22,2,0,3,1,3,10664,0,3212,10872,1520,10892,33816660,4294903399
67,22,0,0,0,0,3,1060,1452,10908,1500,1520,1536,37769220,4294903426
68,22,2,0,3,1,3,10664,0,3212,10872,1520,10892,33816660,4294903399
69,22,2,0,3,1,3,10664,0,3212,10872,1520,10892,33816660,4294903399
70,22,0,0,0,0,3,1060,1452,10968,11016,1520,11036,33837060,4294903422
71,22,2,0,1,1,3,11052,0,11248,11296,184,11316,1107689540,4294903403
72,22,2,0,1,1,3,11332,0,11528,11576,184,11596,33685572,4294903403
73,22,2,0,1,1,3,11332,0,11612,11660,184,11680,33685572,4294903403
74,22,0,0,0,0,3,1060,11696,11708,1292,11744,11760,67391492,4294903423
75,23,2,0,0,0,3,11776,11972,11984,1292,12020,12036,1074020420,50267765
76,23,2,3,3,3,3,12052,0,12272,12320,1520,12340,16793600,4294903399
77,23,2,0,0,0,3,12356,11972,3212,12552,584,12572,262144,4294903399
78,23,2,0,0,0,3,12588,12784,3212,12552,584,12796,262144,4294903399
79,23,2,0,0,0,3,12812,11972,3212,12552,584,12572,262144,4294903399
80,23,2,0,3,3,1,1060,13008,13020,13056,13076,13092,278528,4294903418
81,23,2,0,0,0,3,13108,12784,3212,12552,584,13304,262145,201262695
82,23,2,0,0,0,3,1060,11972,13320,1292,13356,13372,283393,4294903420
83,23,2,3,3,3,3,12052,0,13388,13424,1520,12340,16793600,4294903399
84,23,2,0,0,0,3,12588,12784,3212,12552,584,13444,262144,4294903399
85,23,2,0,3,3,3,13460,0,13680,13728,1520,13748,16392,4294903419
86,23,2,0,0,0,3,13764,11972,3212,12552,584,12572,262144,4294903399
87,23,1,0,3,3,1,1060,11972,13960,1652,13996,14012,286724,4294903402
88,23,0,0,0,0,2,1060,14028,14040,14076,584,14096,17063940,4294903411
89,24,2,0,0,0,3,1060,0,14136,14184,14204,14220,16385,4294903440
90,25,0,0,0,0,3,1060,0,14236,1292,14272,14288,24577,4294903416
91,25,2,0,0,0,3,1060,0,14304,14340,14360,14376,278532,4294903418
92,25,0,0,0,0,3,1060,0,14392,1292,14428,14444,16388,117376648
93,26,2,1,1,1,3,14460,14656,14668,14716,14736,14752,1073893444,4294903399
94,26,2,0,0,0,3,0,14656,14768,14804,0,14824,4160,16713319
95,27,0,0,0,0,3,1060,0,516,1292,14864,14880,16793864,4294903445
96,27,0,0,0,0,3,1060,14896,516,1292,14908,14880,16648,4294903445
97,27,0,0,0,0,3,1060,0,14924,1292,14960,14976,16793864,4294903445
98,27,0,0,0,0,3,1060,14896,14924,1292,14908,14992,16648,4294903445
99,27,0,0,0,0,3,1060,0,15008,1292,15044,15060,16392,4294903453
100,27,0,0,0,0,3,1060,15076,15088,1292,15044,15124,16793608,4294903453
101,27,2,0,0,0,3,1060,0,15140,1292,15176,15192,20480,4294903446
102,27,0,0,0,0,3,1060,0,15208,1292,15044,15244,16392,4294903453
103,28,0,0,0,0,3,1060,3472,15260,1292,15296,1536,282624,4294903439
104,29,2,0,0,0,3,1060,0,15312,1292,15348,15364,21249,4294903455
105,29,0,0,0,0,3,1060,0,15380,1292,15044,15416,16392,4294903453
106,29,0,0,0,0,3,1060,0,15432,1292,15044,15468,16392,4294903453
107,30,0,0,0,0,3,1060,15484,15496,1292,15532,15548,20481,4294903417
108,30,0,0,0,0,3,1060,15564,15576,1292,15296,1536,20481,4294903439
109,30,2,0,0,0,3,1060,15484,15612,1292,0,15648,285229057,4294903406
110,31,0,0,0,0,3,1060,0,15664,1292,1520,15700,303054848,4294903428
111,32,1,0,0,0,3,1060,0,15716,1292,15752,15768,33574913,4294903429
112,33,0,0,0,0,3,1060,0,15784,1500,1520,1536,33574912,4294903454
113,33,2,0,1,1,3,1704,0,15820,15868,184,11680,33685568,4294903403
114,33,0,0,0,0,3,1060,11696,15888,1292,15924,15940,67391492,4294903423
115,33,2,0,3,1,3,10664,0,3212,10872,1520,10892,33816660,4294903399
116,33,2,0,1,1,3,11052,0,11248,11296,184,10892,33947716,4294903403
117,34,2,3,3,3,3,15968,15564,7612,1292,184,16192,17842176,4294903399
118,37,2,0,0,0,1,1060,0,16208,16244,16264,16280,16421,4294903442
119,38,2,0,3,3,1,1060,13008,16296,16332,13076,16352,17055744,4294903418
120,38,2,0,0,0,3,11776,11972,11984,1292,12020,12036,1074020420,50267765
121,38,2,0,0,0,3,16368,11972,3212,12552,584,12572,262144,4294903399
122,38,2,0,0,0,3,12812,11972,3212,12552,584,12572,262144,4294903399
123,38,1,0,0,0,2,1060,11972,16564,1652,16600,1688,286724,4294903402
124,38,2,0,0,0,3,1060,11972,13320,1292,13356,13372,283393,4294903420
125,38,0,0,0,0,1,1060,16616,14040,14076,584,16628,17063940,4294903411
126,38,1,0,3,3,1,1060,11972,16644,1652,16600,1688,286724,4294903402
127,38,2,0,3,3,2,1060,13008,16296,16332,13076,16680,17055744,4294903418
128,38,2,0,3,3,1,1060,13008,13020,13056,13076,16708,278528,4294903418
129,38,2,0,0,0,3,13764,11972,3212,12552,584,12572,262144,4294903399
130,39,0,0,0,0,3,1060,0,14236,1292,14272,16724,24577,4294903416
131,39,2,0,0,0,3,1060,0,16740,16776,16796,16812,2113536,4294903418
132,39,0,0,0,0,3,1060,0,15496,1292,15532,16828,20481,4294903417
133,39,2,0,0,0,3,1060,0,16844,16776,16880,16812,4210688,4294903418
134,40,0,0,0,0,3,1060,0,16896,1292,16932,14992,16520,4294903457
135,41,0,0,0,0,3,1060,16948,16960,1292,16996,17012,20484,4294903414
136,41,0,0,0,0,3,1060,17028,16960,1292,16996,17012,20484,4294903414
137,41,0,0,0,0,3,1060,17040,16960,1292,16996,17012,20484,4294903414
138,42,2,0,0,0,3,1060,0,17052,1292,16264,17088,16385,4294903442
139,43,1,0,3,3,3,1060,0,17104,17140,17160,17176,2121728,4294903437
140,43,2,0,3,3,3,13460,0,13680,13728,1520,13748,16392,4294903419
141,44,1,0,0,0,3,1060,0,17104,17140,17160,17176,2121728,4294903437
142,46,2,0,3,3,3,1060,0,3212,1292,17192,17208,16392,4294903456
143,47,2,0,0,0,3,17224,0,17420,1292,17456,17472,2113600,4294903406
144,48,2,0,3,1,3,17488,0,3212,17720,184,17740,16384,4294903399
145,49,0,0,0,0,3,17756,0,17952,1292,17988,14992,16520,4294903434
146,50,0,0,0,0,3,17756,0,18004,1292,17988,14992,16520,4294903434
147,51,0,0,0,0,3,1060,18040,18052,18088,18108,18124,311297,4294903412
148,52,2,0,0,0,3,1060,18140,18152,18228,18248,18264,16793600,4294903413
149,53,2,0,0,0,3,1060,0,14304,14340,18280,18296,278532,4294903418
150,53,0,0,0,0,3,1060,11972,18312,1292,18348,18364,278532,4294903415
151,54,0,0,0,0,3,1060,0,18380,1292,16932,14992,16520,4294903457
152,55,0,0,0,0,3,18416,0,18612,1292,17988,14992,16520,4294903434
153,56,0,0,0,0,3,1060,0,18648,1292,18684,18700,4194304,4294903415
154,57,2,0,3,1,3,17488,0,3212,17720,184,17740,16384,4294903399
155,58,2,0,3,1,3,17488,0,3212,17720,184,17740,16384,4294903399
156,59,2,0,3,1,3,17488,0,3212,18752,184,17740,16384,4294903399
157,60,2,3,3,3,3,12052,0,13680,18772,1520,12340,16793600,4294903399
158,60,2,0,0,0,3,18792,11972,3212,12552,584,12572,262144,4294903399
159,60,2,0,3,3,3,13460,0,13680,13728,1520,18988,16392,4294903419
160,60,2,0,0,0,3,19004,11972,3212,12552,584,12572,262144,4294903399
161,60,2,0,0,0,3,19200,11972,3212,12552,584,12572,262144,4294903399
162,60,1,0,3,3,1,1060,11972,19396,1652,13996,14012,286724,4294903402
163,60,2,0,0,0,3,11776,11972,19432,1292,12020,12036,1074020420,50267765
164,60,2,0,0,0,3,1060,11972,19468,1292,13356,19504,283393,4294903420
165,61,2,0,0,0,3,13108,12784,3212,12552,584,13304,262145,201262695
166,61,2,0,0,0,3,12588,12784,3212,12552,584,13444,262144,4294903399
167,61,2,0,0,0,3,12588,12784,3212,12552,584,12572,262144,4294903399
168,61,2,0,0,0,3,12588,12784,3212,12552,584,19520,262144,4294903399
169,62,2,0,0,0,3,19536,0,3212,12552,584,19732,0,4294903399
170,66,2,1,3,3,3,19748,0,836,19968,19988,7040,3355725888,33490535
171,67,2,1,1,1,3,20004,0,20200,20264,20284,20300,1208250452,251594357
172,69,1,0,0,0,3,1060,0,20316,20352,17160,20372,16384,4294903437
173,69,2,0,3,3,3,13460,0,13680,13728,1520,18988,16392,4294903419
174,69,2,1,1,1,3,20388,0,20584,20632,1520,20652,2147500032,4278847079
175,70,0,0,0,0,3,1060,0,20668,1292,1520,17208,1064960,4294903424
176,70,0,0,0,0,3,1060,20704,20716,1292,20752,20768,16392,4294903453
177,70,0,0,0,0,3,1060,20704,20784,1292,20820,20836,16793608,4294903453
178,71,0,0,0,0,3,0,20852,20864,20900,20920,20936,4161,4294903435
179,72,0,0,0,0,3,0,20952,20964,20900,21000,20936,4161,4294903435
180,74,0,0,0,0,3,0,21016,20964,20900,20920,20936,4161,4294903435
181,77,2,0,0,0,3,1060,0,21028,1292,21064,21080,16384,4294903407
182,77,2,0,0,0,3,1060,0,21096,21132,21064,21152,21252,4294903420
183,77,2,0,0,0,3,11776,0,21168,1292,21204,21220,16388,4294903413
184,78,0,0,0,0,3,1060,0,21236,21272,1520,1536,33574920,4294903438
185,78,2,3,3,3,3,21292,21488,3212,21524,6484,21544,50348096,4294903399
186,78,2,3,3,3,3,21292,11972,3212,21524,6484,21544,50348096,4294903399
187,78,2,3,3,3,3,21292,0,3212,21524,6484,21560,50348096,4294903399
188,78,2,0,3,1,3,1704,0,21576,21612,1520,21632,2468479040,4294903403
189,78,2,3,3,3,3,21292,3472,3212,21648,6484,21560,50348096,4294903399
190,78,2,3,3,3,3,21292,0,3212,21524,6484,21544,50348096,4294903399
191,79,2,0,0,0,3,1060,0,21668,1292,21704,21720,17156,4294903420
192,79,4,0,0,0,3,21736,0,21932,1292,21968,21984,16388,134153837
193,80,2,0,0,0,3,1060,0,22000,22036,584,22056,0,134153831
194,80,0,0,0,0,3,1060,0,22072,22108,10012,22128,24580,4294903411
195,80,0,0,0,0,3,1060,0,22144,22108,22180,22196,16388,4294903411
196,81,0,0,0,0,3,1060,22212,22224,22036,22260,22276,278528,4294903412
197,82,0,0,0,0,3,1060,0,22292,22108,22328,22344,24580,4294903411
198,83,2,0,0,0,3,22360,0,3212,12552,584,19732,0,4294903399
199,83,2,0,0,0,3,22556,0,3212,12552,584,19732,0,4294903399
200,83,2,0,0,0,3,1060,0,22752,1292,22788,22804,21253,4294903420
201,83,1,0,3,3,3,1060,22820,22832,1652,22868,1688,286724,4294903402
202,83,0,0,0,0,3,1060,22884,22896,14076,22932,22948,16793604,4294903411
203,83,2,0,3,3,3,1060,15484,16296,16332,22964,16352,16793600,4294903418
204,83,2,0,0,0,3,11776,22980,19432,1292,21204,22992,1074020420,50267765
205,84,2,0,0,0,3,1060,0,23008,1292,23044,23060,21252,4294903420
206,86,2,1,1,1,3,23076,23272,3144,3796,184,23284,3221241936,4278650478
207,87,2,0,0,0,3,22556,0,3212,12552,584,19732,0,4294903399
208,87,2,0,0,0,3,320,0,23300,23336,23356,23372,2164260864,4279567975
209,87,2,0,0,0,3,1060,0,23388,1292,23424,23440,16797697,4294903399
210,87,2,0,3,3,3,1060,15484,16296,16332,23468,23484,16793600,4294903418
211,87,2,0,0,0,3,23500,0,3212,12552,584,19732,0,4294903399
212,88,1,0,3,3,3,1060,0,23696,1652,1672,23732,286720,4294903402
213,88,2,3,3,3,3,23748,0,7612,23944,184,23964,3238019136,4279633511
214,89,0,0,1,1,3,11332,0,23980,24016,1520,24036,33583204,4279240318
215,90,0,0,0,0,3,2552,1452,24052,24088,1520,11036,282624,4294903422
216,91,0,0,0,0,1,1060,24108,14040,24120,24140,14096,17063940,4294903411
217,91,2,0,0,0,1,1060,11972,24156,1292,24192,24208,283397,4294903420
218,91,2,0,0,0,1,12812,11972,3212,12552,584,12572,262144,4294903399
219,91,2,0,0,0,1,24224,11972,3212,12552,584,12572,262144,4294903399
220,91,2,0,0,0,2,1060,11972,24420,1292,24192,24456,283397,4294903420
221,91,1,0,0,0,1,1060,24472,24484,1652,24520,24536,286724,4294903402
222,91,1,0,0,0,2,1060,11972,24552,1652,24520,24588,286724,4294903402
223,91,2,0,3,3,1,1060,13008,24604,13056,24640,16708,278532,4294903418
224,91,2,0,0,0,2,11776,11972,24656,1292,19988,12036,278596,218039925
225,91,2,0,3,3,1,1060,13008,24692,16332,24728,16352,17055748,4294903418
226,91,2,0,0,0,1,11776,11972,11984,1292,19988,24744,278596,184485493
227,92,2,0,3,1,3,10664,0,3212,10872,1520,24772,33816640,4294903399
228,93,0,0,0,0,3,1060,0,13388,24788,22328,24808,24576,4294903411
229,93,2,0,0,0,3,24824,0,25020,1292,25056,25072,544768,33490541
230,94,2,0,0,0,3,1060,0,25088,1292,1520,25124,33574912,4294903427
231,95,1,0,1,1,3,25140,25336,19432,25348,25368,25384,1074397252,33490549
232,96,1,0,0,0,3,25400,0,19432,1292,25368,25596,524292,167708277
233,97,2,0,0,0,3,11776,25612,25624,25672,6484,25692,278532,4294903413
234,98,0,0,0,0,3,1060,14896,25708,1292,14908,14992,16648,4294903445
235,98,0,0,0,0,3,1060,14896,516,1292,14908,25744,16648,4294903445
236,98,0,0,0,0,3,1060,0,516,1292,14864,25744,16793864,4294903445
237,98,2,0,3,3,3,1060,0,25760,1292,15176,25796,20480,4294903446
238,98,0,0,0,0,3,1060,0,25708,1292,14960,14992,16793864,4294903445
239,99,2,0,0,0,3,11776,0,3532,1292,21204,25812,16384,83822197
240,100,0,0,0,0,3,1060,1452,25828,1500,1520,1536,37769216,4294903426
241,100,2,3,3,3,3,25864,0,26084,26132,1520,26152,50479172,4294903449
242,100,2,3,3,3,3,25864,0,26168,26132,1520,26152,50479172,4294903449
243,100,2,3,3,3,3,25864,0,26204,26132,1520,26152,50479172,4294903449
244,101,2,0,3,3,3,26240,26436,4692,4740,1520,26448,16384,4294903452
245,102,0,0,0,0,3,1060,0,15432,1292,15044,15060,16392,4294903453
246,102,2,0,0,0,3,1060,0,15140,1292,15176,15192,20480,4294903446
247,102,2,0,0,0,3,1060,0,26464,1292,22788,26500,21249,4294903420
248,102,0,0,0,0,3,1060,0,15380,1292,15044,26516,16392,4294903453
249,103,1,0,0,0,3,11776,0,26532,1292,12020,20300,1074266308,50267765
250,104,2,7,3,3,3,26568,26764,15664,26828,184,26848,1073741888,69666407
251,105,2,0,0,0,3,11776,0,26864,1292,12020,26900,4101,4294903413
252,105,2,0,0,0,3,26916,0,3212,12552,584,19732,0,4294903399
253,106,2,0,0,0,3,27112,1452,27308,1292,27344,27360,24576,83822197
254,106,2,0,0,0,3,27376,0,27572,27620,27640,27656,24580,251594357
255,107,2,0,0,0,3,24824,27672,27684,1292,27720,27736,16385,4294903405
256,107,2,0,0,0,3,24824,27672,27684,1292,27720,27752,16385,33490535
257,108,2,1,1,1,3,27768,27964,836,27976,19988,27996,3221229632,35325543
258,109,0,0,0,0,3,1060,0,28012,1292,28048,28064,20480,4294903411
259,110,2,1,1,1,3,28080,28276,836,27976,19988,28288,3221229632,34014823
260,111,2,0,0,0,3,1060,28304,3212,1292,4824,28316,32768,67044968
261,111,2,1,1,1,3,28332,28528,836,28540,19988,28560,1073877056,35391079
262,111,2,1,1,1,3,28576,28528,836,28540,19988,28772,1073877056,4280026727
263,112,2,0,0,0,3,1060,0,3212,1292,4824,4840,0,301925991
264,112,2,3,3,3,3,28788,0,28984,29032,19988,29052,3355840512,4284089959
265,113,2,1,1,1,3,28332,0,29068,29104,29124,29140,1208373316,4294903413
266,113,2,1,1,1,3,29156,0,14768,29104,29124,29140,1208373312,35522157
267,114,2,0,0,0,3,1060,0,29352,1292,23424,29388,16797697,4294903399
268,115,2,0,0,0,3,1060,0,29404,1292,23424,29440,16797697,4294903399
269,116,2,0,0,0,3,24824,27672,29456,1292,27720,25072,524292,33490549
270,117,2,1,1,1,3,29492,0,29688,29736,19988,29756,3221360640,35325543
271,117,2,1,1,1,3,29492,0,29688,29772,19988,29756,3221360640,35325543
272,118,2,0,0,0,3,1060,0,29792,1292,4824,4840,16388,67044968
273,118,2,1,1,1,3,29828,4436,30024,30060,184,30080,1216741440,4280026727
274,118,2,1,1,1,3,0,4436,30024,30060,184,30080,1216741440,4280026727
275,119,2,0,3,3,3,1060,0,30096,30132,932,30152,282628,4294903448
276,119,2,0,3,3,3,1060,0,30096,30132,932,30152,282628,4294903448
277,119,2,1,1,1,3,24824,0,30180,30216,30236,30252,1208242244,4280354407
278,119,2,1,1,1,3,30268,0,30180,30216,932,30252,1208242244,69273205
279,119,2,0,3,3,3,1060,0,30096,30132,932,30152,282628,4294903448
280,119,2,0,3,3,3,1060,0,30096,30132,932,30152,282628,4294903448
281,120,0,0,0,0,3,24824,0,30464,1292,30500,30516,21252,4294903447
282,121,2,1,1,1,3,30532,0,30728,20264,30764,30252,1208766532,4294903413
283,122,2,1,1,1,3,30780,0,30180,30216,30976,30252,1208766532,69338741
284,122,2,1,1,1,3,24824,0,30180,30216,30976,30252,1208242244,4280419943
285,123,2,0,0,0,3,24824,0,30992,31028,932,31048,16797760,4280485479
286,124,2,1,1,1,3,31064,0,31260,31308,1520,31328,135544896,4294903425
287,125,2,1,1,1,3,1060,31344,31356,31392,1520,31412,28704,4294903425
288,126,0,0,0,0,3,1060,0,31428,1292,1520,17208,1064964,4294903424
289,126,2,1,1,1,3,31464,0,31660,31708,1520,31728,152322052,4294903425
290,127,0,0,0,0,3,1060,0,31744,1292,1520,17208,1064964,4294903424
291,128,2,0,0,0,3,24824,0,30992,1292,932,31780,16863296,4280485479
292,129,2,0,1,1,3,31796,0,836,32056,932,32076,2164265024,4280616551
293,131,2,1,1,1,3,32092,0,32288,31308,1520,31328,1209286720,4294903425
294,132,0,0,0,0,3,1060,0,32336,1292,1520,17208,1064960,4294903424
295,132,0,0,0,0,3,1060,0,32372,1292,1520,32408,1064960,4294903424
296,133,2,1,1,1,3,1060,31344,32424,31392,1520,31412,28704,4294903425
297,134,0,0,0,0,3,1060,32460,32472,22036,584,32508,20987904,4294903412
298,135,0,0,0,0,3,1060,15564,32472,22036,584,32524,20987904,4294903412
299,136,0,0,0,0,3,1060,0,32540,1292,32576,14992,16392,4294903464
300,136,0,0,0,0,3,1060,0,32592,1292,32576,32628,16392,4294903464
301,137,2,1,1,1,3,32644,23272,3144,32840,184,3816,3355721792,4278650478
302,138,2,0,1,1,1,11332,0,32860,32908,184,11680,33693760,4294903403
303,138,1,0,1,1,3,32928,0,33148,33196,1520,33216,2181058560,4281206375
304,138,1,0,1,1,1,33232,0,33452,33488,1520,33508,33701888,4294903430
305,138,1,0,1,1,1,33524,0,33148,33196,1520,33216,2181066752,4279240295
306,139,0,0,3,3,3,1060,0,33720,1292,1520,33216,34619392,4294903431
307,140,2,0,0,0,3,10664,33756,33768,33816,1520,33836,100,4294903399
308,140,2,0,0,0,3,10664,33756,33768,33852,1520,33836,262212,4294903399
309,141,1,1,1,1,3,1060,0,15664,33872,33892,33908,1208246272,4294903413
310,141,2,1,1,1,3,33924,0,34120,33872,34156,33908,1208238096,4294903451
311,142,0,0,0,0,3,1060,0,34172,34208,34228,34244,24576,4294903411
312,143,0,2,2,2,3,1060,22980,34260,34296,34228,34316,24608,4294903411
313,144,0,2,2,2,3,1060,34332,34344,34392,34228,34412,24612,4294903411
314,145,2,0,0,0,3,1060,0,516,34428,21064,34448,401472,4294903413
315,145,2,1,0,0,3,34464,0,3144,34428,34660,34448,393280,4294903460
316,146,0,0,0,0,3,1060,0,34676,34712,34732,34748,24608,4294903411
317,147,0,0,0,0,3,1060,0,34764,0,22328,34812,24612,4294903411
318,148,2,0,0,0,3,1060,0,23300,1292,21704,34828,17152,4294903420
319,148,2,0,0,0,3,34844,0,516,35040,184,35060,131136,4294903399
320,149,0,0,0,0,3,1060,35076,35088,35124,13832,35144,16801792,4294903411
321,150,2,0,0,0,3,35160,35356,35368,1292,0,35404,16801792,4294903461
322,151,2,0,0,0,3,1060,35356,35368,1292,0,35420,16801792,4294903461
323,152,2,0,0,0,3,35436,0,836,35632,30976,35652,266304,83822183
324,153,4,0,0,0,3,35668,0,35864,35900,35920,35936,4128,4282779245
325,154,2,0,0,0,3,1060,0,2384,1292,35952,35968,17152,134153897
326,154,4,1,1,1,3,35984,0,36180,36216,36236,36252,134496320,83822189
327,155,2,0,0,0,3,36268,0,36464,1292,36500,36516,20484,4294903405
328,156,2,1,1,1,3,36532,0,36728,31028,30976,20300,3355709508,71632487
329,156,0,0,0,0,3,616,0,30464,1292,30500,36792,21252,4294903447
330,157,2,1,1,1,3,36808,0,36728,37044,30976,20300,3221491716,4282713703
331,157,2,0,0,0,3,1060,15484,37064,16332,932,16680,16793604,4294903418
332,158,5,0,0,0,3,1060,0,37100,1292,932,37136,16396,4294903466
333,159,2,0,1,1,3,37152,0,37348,37396,1520,37416,1208238144,4294903467
334,159,2,0,1,1,3,37152,0,37348,37396,1520,37416,1208238144,4294903467
335,159,0,0,0,0,3,1060,15564,37444,4124,37480,37496,4100,4294903439
336,160,2,1,1,1,3,37512,0,37708,31028,36500,37744,1208242240,4294903405
337,162,2,0,0,0,3,11776,22980,37760,1292,12020,37796,1074020420,50267765
338,162,1,0,3,3,3,1060,11972,37812,1652,16600,1688,286724,4294903402
339,162,2,0,0,0,3,1060,0,37848,1292,13356,37884,21249,4294903420
340,163,2,0,0,0,3,24824,0,37900,1292,36500,25072,28708,4294903413
341,164,4,1,1,1,3,37936,0,36180,38132,36236,38152,16416,83822189
342,165,1,0,3,3,3,1060,11972,38168,1652,38204,1688,286724,4294903402
343,165,2,0,0,0,3,11776,22980,38220,1292,38256,37796,1074020420,50267765
344,172,0,0,0,0,3,1060,0,38272,38308,38328,38344,16805888,4294903411
345,173,0,0,0,0,3,1060,0,35088,0,34732,38360,24576,4294903411
346,174,0,0,0,0,3,1060,0,38376,22108,38412,38428,16388,4294903411
347,175,2,0,0,0,3,1060,0,38444,38480,38500,38516,134496260,4294903413
348,175,2,0,0,0,3,1060,0,38444,38480,38532,38516,134496260,4294903413
349,176,2,1,1,1,3,38548,0,38744,38780,6484,38800,1208287296,3868263
350,177,0,0,0,0,3,1060,0,38816,38852,38872,38888,16793600,4294903411
351,177,0,0,0,0,3,1060,0,2816,38904,38924,38940,16801792,4294903411
352,178,2,0,0,0,3,11776,0,38956,38992,39012,39028,278528,4294903413
353,178,2,0,0,0,3,11776,0,38956,38992,39012,39044,278528,4294903413
354,179,0,0,0,0,3,1060,31344,516,22108,22328,39060,24576,4294903411
355,180,2,1,1,1,3,39076,0,39272,39308,39328,39344,1208242244,4294903413
356,181,2,0,0,0,3,39360,0,39556,1292,39604,39620,16384,4294903413
357,182,0,0,0,0,3,1060,0,39636,1292,39672,39688,16384,117376648
358,183,2,0,0,0,3,39360,0,39556,1292,39704,39620,16384,4294903413
359,184,2,1,1,1,3,31464,27672,39720,39756,1520,39776,16793600,4294903425
360,185,2,1,1,1,3,31464,39792,39804,39852,1520,39872,16793600,4294903425
361,186,2,1,1,1,3,39888,0,40084,40132,1520,31328,135544896,4294903425
362,187,2,0,3,1,3,40152,0,3212,40348,1520,40368,33816640,4294903399
363,188,0,0,0,0,3,40384,0,18004,1292,40580,14992,16520,4294903434
364,189,2,0,0,0,3,1060,0,3212,10408,184,40596,128,4294903399
365,189,0,0,0,0,3,1060,18040,18052,18088,40580,18124,311297,4294903412
366,203,2,1,1,1,7,40612,0,2452,40820,184,30080,3221356624,4294903399
367,203,0,0,0,0,3,1060,0,40840,1292,27344,40876,16385,4294903415
368,203,2,1,1,1,7,40892,0,30180,41100,20284,20300,3221770308,20055661
369,203,2,1,1,1,7,40612,0,2452,4040,184,30080,3221356624,4294903399
370,204,2,1,1,1,7,41132,0,2452,4040,184,30080,3221356624,4281534055
371,204,2,1,1,1,7,40612,0,2452,40820,184,30080,3221356624,4294903399
372,204,2,1,1,1,7,40612,0,2452,4040,184,30080,3221356624,4294903399
373,204,2,0,0,0,3,1060,41364,15664,1292,4824,41376,0,67044968
374,205,2,1,1,1,3,41392,0,3144,31028,184,23284,3221241936,4278650478
375,207,2,0,3,3,3,35668,0,41588,1292,4824,41624,16384,4294903436
376,207,2,0,3,3,3,13460,0,13680,41676,1520,13748,16392,4294903419
377,207,1,0,0,0,3,1060,0,41696,20352,17160,41732,16384,4294903437
378,207,2,0,0,0,3,1060,0,41748,1292,7372,41784,20481,4294903410
379,207,2,0,3,1,3,41800,0,20584,20632,1520,42008,2147500032,4278847079
380,209,0,0,0,0,3,1060,0,42024,1292,42060,42076,8192,4294903415
381,209,2,0,0,0,3,1060,0,42092,1292,42128,42144,13056,4294903420
382,210,2,0,0,0,3,42160,0,3212,12552,584,42356,0,4294903399
383,210,2,0,0,0,3,11776,0,42372,1292,42408,42424,524288,4294903413
384,212,2,0,0,0,3,1060,0,34120,1292,4824,4840,0,67044968
385,213,0,0,0,0,3,0,0,42440,20900,20920,20936,4161,4294903435
386,214,2,0,0,0,3,1060,0,34120,1292,4824,4840,0,67044968
387,216,2,0,0,0,3,42476,0,42672,42708,42728,42744,16793664,72025737
388,217,2,0,0,0,3,42476,0,42760,30060,25056,42744,16924736,72091273
389,218,2,0,0,0,3,42476,0,42760,42796,35952,42744,16924736,72156809
390,219,2,0,0,0,3,42476,0,42760,42816,42836,42744,16924736,72222345
391,220,2,0,0,0,3,42476,0,42760,42852,42872,42744,16924736,72287881
392,221,2,0,0,0,3,42476,0,42760,42888,932,42744,16924736,72353417
393,222,2,0,0,0,3,42476,0,42760,42908,42928,42744,16924736,72418953
394,223,1,0,0,0,3,42944,0,42372,1292,21204,43140,278596,83822197
395,224,2,0,0,0,3,43156,43352,3212,43364,584,43384,0,4281009767
396,224,2,0,0,0,3,43400,0,3212,12552,584,43596,128,4294903399
397,224,2,0,0,0,3,43156,43612,3212,43364,584,43384,0,4281009767
398,225,2,0,0,0,3,1060,43624,43636,4124,43672,43688,16794368,4294903420
399,225,2,0,0,0,3,1060,43704,43716,4124,43672,43688,16794368,4294903420
400,226,2,0,0,0,3,43156,43752,3212,43364,584,43384,0,4281075303
401,226,2,0,0,0,3,43764,0,3212,12552,584,43596,128,4294903399
402,226,2,0,0,0,3,43156,43960,3212,43364,584,43384,0,4281075303
403,227,2,0,0,0,3,1060,43624,43972,4124,44008,43688,16794368,4294903420
404,228,0,0,0,0,3,1060,44024,44036,1292,44072,44088,282628,4294903423
405,228,2,0,3,3,3,1060,15484,16296,16332,44104,16352,16793600,4294903418
406,229,2,0,0,0,3,1060,44120,44132,18228,3180,44196,16793600,4294903450
407,231,2,1,1,1,3,44212,44408,9376,9412,6484,9004,1073872960,50267751
408,232,2,0,0,0,3,1060,44120,44420,18228,3180,44456,1090666496,4294903450
409,233,0,0,1,1,3,11332,0,44472,44520,1520,44540,33714240,4279240318
410,233,0,0,0,0,3,1060,44556,44568,1292,11744,44604,67391488,4294903423
411,233,2,0,0,0,3,44620,11972,3212,12552,584,12572,262144,4294903399
412,234,2,0,0,0,3,1060,0,15664,1292,44816,44832,50348032,4294903462
413,235,2,0,3,3,3,1060,15484,13020,13056,13076,16708,16384,4294903418
414,235,2,0,0,0,3,1060,0,44848,1292,13356,13372,21249,4294903420
415,235,2,0,3,3,3,1060,15484,15820,16332,13076,44884,16793600,4294903418
416,235,1,0,3,3,3,1060,3472,44900,1652,16600,1688,286724,4294903402
417,235,2,0,0,0,3,44936,0,3212,12552,584,12572,0,4294903399
418,235,2,0,0,0,3,45132,0,3212,12552,584,19732,0,4294903399
419,235,0,0,0,0,3,1060,45328,45340,14076,584,22948,17055748,4294903411
420,235,2,0,0,0,3,11776,22980,45376,1292,12020,37796,1074020420,50267765
421,235,2,0,0,0,3,45412,0,3212,12552,584,19732,0,4294903399
422,236,2,0,0,0,3,45608,27672,45804,10408,932,45840,4100,4294903443
423,236,2,0,0,0,3,27112,0,45856,1292,45892,45908,12289,4294903399
424,236,2,0,0,0,3,45924,27672,45804,10408,932,46120,4100,4294903443
425,236,1,0,0,0,3,46136,0,46332,1292,45892,46368,274436,83822197
426,237,1,0,0,0,3,27112,0,42372,1292,21204,46384,278597,83822197
427,237,2,0,0,0,3,46400,0,4692,10408,184,46596,16777280,4294903399
428,237,2,0,0,0,3,46612,0,46808,46844,184,46864,16777280,4294903399
429,237,2,0,0,0,3,1060,0,46880,46916,22788,46936,21249,4294903420
430,237,1,0,0,0,3,27112,39792,42372,1292,21204,46952,278597,4294903413
431,238,2,0,0,0,3,13108,0,30024,46968,184,10892,32,4281402983
432,239,0,0,0,0,3,1060,0,14392,1292,14428,14444,16388,117376648
433,239,2,0,0,0,3,1060,0,14304,14340,14360,46988,278532,4294903418
434,240,2,0,1,1,3,11332,0,47004,47040,184,11680,33685572,4294903403
435,240,2,0,1,1,3,11332,0,47004,47060,184,11680,33685572,4294903403
436,240,0,0,0,0,3,1060,11696,11708,1292,11744,11760,67391492,4294903423
437,240,0,0,0,0,3,1060,11972,47080,1500,1520,1536,38031364,4294903426
438,240,0,0,0,0,3,1060,1452,47116,11016,1520,1536,33837060,4294903422
439,240,0,0,1,1,3,11332,0,47152,47188,1520,47208,2181066820,4279240318
440,240,2,0,1,1,3,11052,0,47004,11296,184,10892,1107689540,4294903403
441,241,2,0,0,0,3,47224,0,3212,12552,584,47420,128,4294903399
442,242,2,0,0,0,3,1060,0,47436,47472,47492,47508,16798464,4294903420
443,243,0,0,0,0,3,1060,0,13388,24788,22328,47524,24576,4294903411
444,244,2,0,0,0,3,47540,27672,47736,10408,47772,47788,20608,4294903443
445,244,2,0,0,0,3,47804,27672,47736,10408,47772,48000,544896,83822227
446,244,2,0,0,0,3,47804,27672,47736,10408,47772,48016,20608,4294903443
447,245,2,1,1,1,3,48032,48228,15008,48240,45892,48260,17825792,4294903399
448,246,2,1,1,1,3,48276,48228,48472,48240,45892,48260,17825792,4294903399
449,247,2,0,0,0,3,13764,0,3212,12552,584,19732,0,4294903399
450,247,2,3,3,3,3,48508,0,48704,48752,45892,48772,17825792,4294903399
451,247,2,0,0,0,3,12812,0,3212,12552,584,19732,0,4294903399
452,248,2,0,0,0,3,48788,48984,15664,48996,45892,49016,16777216,4279305831
453,249,2,1,1,1,3,48788,49032,15664,48996,45892,49016,16777216,4279305831
454,250,2,0,0,0,3,1060,44120,49044,49080,3180,49100,1074151424,4294903450
455,250,2,0,0,0,3,11776,22980,19432,1292,49116,37796,1074020420,50267765
456,250,1,0,3,3,3,1060,11972,49132,49168,49188,49204,286724,4294903402
457,250,2,0,0,0,3,1060,0,49220,1292,49116,13372,29441,4294903420
458,251,0,0,0,0,3,1060,0,14392,1292,14428,14444,16388,117376648
459,252,2,0,0,0,3,1060,0,49256,46916,22788,49292,21249,4294903420
460,252,2,0,0,0,3,1060,49308,49320,46916,49356,49372,21249,4294903421
461,252,2,0,0,0,3,1060,49308,49320,46916,49356,49388,16798465,4294903421
462,252,2,0,0,0,3,27112,0,49404,1292,45892,49440,266244,4294903413
463,252,1,0,3,3,3,1060,14028,49456,49492,49512,49528,286724,4294903402
464,252,1,0,3,3,3,1060,14028,49544,49580,49600,49616,286724,4294903402
465,252,2,0,0,0,3,49632,11972,3212,12552,584,49828,262144,4294903399
466,252,2,0,0,0,3,1060,0,49844,46916,22788,49880,21249,4294903420
467,252,2,0,0,0,3,49632,11972,3212,12552,584,21544,262144,4294903399
468,252,2,0,0,0,3,49632,11972,3212,12552,584,49896,262144,4294903399
469,252,2,0,0,0,3,1060,49308,49320,46916,49356,49912,21249,4294903421
470,252,2,0,0,0,3,49928,0,4692,10408,184,50124,16777280,4294903399
471,253,2,1,1,1,3,50140,3132,50336,50384,1520,50404,147584,134153831
472,254,0,0,0,0,3,1060,0,50420,34296,50456,50472,155684,4294903411
473,255,1,0,0,0,3,1060,0,17104,1292,17160,17176,2121728,4294903437
474,255,2,3,3,3,3,50488,0,50684,50720,1520,50740,16924800,4294903399
475,256,2,1,1,1,3,50756,3132,50336,50384,1520,50404,147584,4294903399
476,257,2,0,0,0,3,0,50952,50964,51012,51032,51048,0,4294903405
477,257,2,3,3,3,3,51064,6416,9628,9664,6484,9684,1073875012,71108199
478,258,0,0,0,0,3,1060,31344,51260,22036,51296,11036,278528,4294903412
479,259,2,1,1,1,3,51312,51508,15208,48240,45892,51520,17825792,4294903399
480,260,1,0,0,0,3,1060,0,51536,51572,51592,51608,16649,4294903463
481,261,2,0,0,0,3,1060,0,51624,1292,51660,51676,29441,4294903420
482,261,2,3,3,3,3,51692,0,51888,51936,45892,51956,17825792,4294903399
483,262,2,0,0,0,3,51972,0,3212,12552,584,19732,0,4294903399
484,263,2,1,1,1,3,39888,0,52168,40132,1520,31328,135544896,4294903425
485,264,2,1,1,1,3,1060,31344,52204,31392,1520,31412,28704,4294903425
486,265,2,1,1,1,3,52240,0,836,52448,19988,42744,3389280320,4279240295
487,265,2,1,1,1,3,52240,0,836,52448,19988,42744,1275351104,4294903399
488,266,0,0,0,0,3,1060,0,13388,24788,22328,52468,24576,4294903411
489,267,2,0,0,0,3,27112,0,52484,1292,45892,52520,134492164,4294903413
490,267,2,1,1,1,3,24824,0,30180,30216,30236,30252,1208242244,4280354407
491,267,2,1,1,1,3,52536,0,30180,30216,932,30252,1208242244,69273205
492,268,2,0,0,0,3,1060,0,52732,52768,49116,52788,29473,4294903420
493,269,2,1,1,1,3,52804,0,516,53012,34156,24036,134496272,4294903413
494,270,2,1,1,1,3,53032,0,15664,53228,34156,53248,134496272,4294903413
495,272,2,1,1,1,7,53264,0,53460,53496,19988,53516,1073741888,4294903399
496,273,2,1,1,1,3,53532,53728,3144,53752,184,3816,3221241936,68355694
497,274,2,1,1,1,3,53772,0,53968,48240,45892,47208,17825792,4294903399
498,275,2,0,0,0,3,13764,0,3212,12552,584,19732,0,4294903399
499,275,2,0,0,0,3,12812,0,3212,12552,584,19732,0,4294903399
500,275,2,3,3,3,3,48508,0,54004,48752,45892,54040,17825792,4294903399
501,275,1,0,0,0,3,1060,11972,54056,54092,54112,54128,286752,4294903402
502,276,2,1,1,1,3,54144,0,54340,31308,1520,31328,135544832,4294903425
503,276,2,1,1,1,3,1060,54376,54388,54424,1520,54444,135544832,4294903425
504,277,2,1,1,1,3,1060,31344,54460,31392,1520,54496,28704,4294903425
505,278,2,1,1,1,3,54512,11972,54708,31708,1520,31728,152322048,4294903425
506,278,0,0,0,0,3,1060,11972,54744,1292,1520,17208,1335296,4294903424
507,279,0,0,0,0,3,1060,0,54780,1292,1520,17208,1064960,4294903424
508,280,2,1,1,1,3,54816,0,4692,55012,184,17740,134479936,4294903399
509,280,2,1,1,1,3,54816,0,4692,55012,184,17740,134479936,4294903399
510,281,2,0,0,0,3,55032,0,55228,55264,27344,55284,4896,4294903420
511,281,2,0,0,0,3,55032,0,55228,55264,27344,55284,4896,4294903420
512,282,2,0,0,0,3,13108,0,55300,55348,184,55368,32,4294903459
513,283,2,0,0,0,3,55384,0,46808,46844,184,55580,16777280,4294903399
514,284,2,0,3,1,3,10664,55596,15664,10872,1520,24772,33816640,4294903399
515,284,2,0,3,1,3,10664,55596,15664,10872,1520,24772,33816640,4294903399
516,285,2,0,3,3,3,1060,0,55608,1292,38256,55644,16516,83822242
517,287,0,0,1,1,3,11332,0,55660,55696,1520,24036,33583200,4279240318
518,288,2,0,3,1,3,55716,0,3212,55924,1520,55944,50331712,4294903399
519,289,0,0,1,1,3,11332,0,55960,55696,1520,24036,33583200,4279240318
520,290,1,0,0,0,3,1060,11972,55996,56032,54112,56052,270368,4294903402
521,291,2,0,1,1,3,56068,56264,46808,42908,184,10892,16777280,4294903399
522,294,2,1,1,1,3,56276,53728,3144,53752,184,3816,3221241936,4278650478
523,295,2,1,1,2,7,56472,8452,17420,56692,7372,8512,1073758208,38209127
524,296,2,3,3,3,7,56712,56908,56920,42816,21064,56984,3221358656,72287881
525,297,2,1,2,2,7,57000,7252,7288,57196,7372,57216,1073893440,38340199
526,298,2,1,1,1,7,57232,57428,3144,57440,184,23284,1073758288,4282910318
527,299,2,1,1,1,2,57460,57656,57668,57732,57752,57768,1073893440,4294903399
528,300,0,0,0,0,3,1060,3472,57784,1292,57820,57836,278532,4294903432
529,300,2,0,0,0,3,11776,3472,38220,1292,932,57852,278596,4294903413
530,301,2,0,0,0,3,11776,3472,57868,1292,57904,57920,1074020420,4294903413
531,302,2,1,3,3,7,57936,7892,7928,7964,6484,7984,3221241864,137627239
532,303,4,1,1,1,7,58132,58328,58340,58376,6484,58396,1073889360,33490541
533,304,0,0,0,0,3,1060,58412,58424,1292,16996,58460,2117632,4294903414
534,305,2,0,0,0,3,1060,58476,58488,5128,58524,36516,32768,67044975
535,305,2,1,1,1,7,58540,0,2452,4448,184,4468,1082261584,4294903399
536,306,2,1,1,1,7,58736,8724,8736,58932,6484,9004,1073741888,50267751
537,306,2,0,0,0,3,1060,9020,44420,9108,3180,58952,147456,4294903450
538,307,2,1,1,1,3,58968,9340,9376,59164,6484,59184,1073872960,50267751
539,308,2,1,1,1,3,59200,44408,9376,59164,6484,59184,1073872960,50267751
540,309,2,0,0,0,3,1060,44120,44132,18228,3180,59396,1090535424,4294903450
541,314,2,1,1,1,7,59412,0,2452,4448,184,4468,1082261568,4294903399
542,328,2,1,1,1,3,59608,0,3532,59804,59824,59840,1208221712,134153883
543,328,2,0,0,0,3,59856,0,18612,59804,60052,59840,134479872,134153845
544,329,2,1,1,1,3,60068,60264,38744,60288,6484,60308,1208221760,3868263
545,329,2,1,1,1,3,60068,49328,38744,60288,6484,60308,1208221760,3868263
546,330,2,1,0,0,3,60336,0,4692,36216,184,1536,1208221760,4294903399
547,331,2,0,0,0,3,60532,0,60728,55264,60764,60780,4960,4294903420
548,332,2,0,0,0,3,16368,0,3212,12552,584,19732,0,4294903399
549,332,2,0,0,0,3,11776,22980,19432,1292,12020,37796,1074020420,50267765
550,332,2,0,0,0,3,12812,0,3212,12552,584,19732,0,4294903399
551,332,1,0,3,3,3,1060,11972,60796,1652,16600,1688,286724,4294903402
552,332,2,0,0,0,3,1060,0,37848,1292,13356,37884,21249,4294903420
553,332,2,0,0,0,3,13764,0,3212,12552,584,19732,0,4294903399
554,333,0,0,0,0,3,1060,0,60832,34392,60868,60884,24612,4294903411
555,334,2,0,3,3,1,60900,0,61096,61132,6484,31328,1327168,4294903399
556,335,2,0,0,0,3,61152,0,5716,53012,184,61360,64,4282123879
557,336,2,0,0,0,3,61376,0,3212,12552,584,61572,0,4294903399
558,336,2,0,0,0,3,11776,22980,61588,1292,61624,37796,1073762305,50267765
559,337,2,0,3,3,1,61640,0,61836,61884,6484,61904,1327168,4294903399
560,337,1,0,3,3,3,1060,11972,16644,1652,16600,1688,286724,4294903402
561,337,2,0,0,0,3,12812,0,3212,12552,584,19732,0,4294903399
562,337,2,0,0,0,3,13764,0,3212,12552,584,19732,0,4294903399
563,337,2,0,0,0,3,1060,0,13320,1292,13356,13372,21249,4294903420
564,337,2,0,0,0,3,11776,22980,42372,1292,12020,37796,1074020420,50267765
565,337,0,0,0,0,3,1060,16616,14040,14076,584,61920,17055748,4294903411
566,337,2,0,0,0,3,61936,0,3212,12552,584,19732,0,4294903399
567,337,2,0,3,3,3,1060,15484,13020,13056,13076,62132,16384,4294903418
568,337,2,0,3,3,3,1060,15484,16296,16332,13076,23484,16793600,4294903418
569,338,1,0,3,3,3,1060,3472,44900,62148,16600,1688,286724,4294903402
570,338,2,0,0,0,3,1060,0,44848,1292,13356,13372,21249,4294903420
571,338,2,0,0,0,3,62168,0,3212,12552,584,19732,0,4294903399
572,338,2,0,0,0,3,11776,22980,45376,1292,12020,37796,1074020420,50267765
573,339,2,0,0,0,3,62364,0,62560,1292,61624,62596,4096,50267765
574,340,2,0,1,1,3,62612,0,62808,62856,38256,62876,1073762304,4294903413
575,341,2,0,0,0,3,1060,0,37848,1292,38256,37884,21249,4294903420
576,341,2,0,0,0,3,12812,0,3212,12552,584,19732,0,4294903399
577,341,2,0,0,0,3,11776,22980,19432,1292,38256,37796,1074020420,50267765
578,341,2,0,0,0,3,13764,0,3212,12552,584,19732,0,4294903399
579,341,2,0,0,0,3,16368,0,3212,12552,584,19732,0,4294903399
580,341,1,0,3,3,3,1060,11972,60796,1652,38204,1688,286724,4294903402
581,353,2,1,1,1,3,62892,0,63112,63188,19988,8240,1208242240,20579943
582,354,2,0,0,0,3,63208,0,63428,0,19988,63464,20544,4294903399
583,355,2,0,0,0,3,63480,0,14768,0,19988,63676,20544,4294903399
584,356,2,0,0,0,3,63692,0,63888,0,19988,63924,20544,4294903399
585,357,2,0,0,0,3,1060,0,63940,38132,63976,63992,29473,4294903420
586,357,2,0,0,0,3,1060,0,63888,38132,932,30152,21280,4294903448
587,358,2,0,0,0,3,64032,0,64228,0,19988,63464,20544,4294903399
588,359,2,0,0,0,3,64264,0,14768,0,19988,64460,20544,4294903399
589,360,2,0,0,0,3,63692,0,64476,0,19988,63924,16448,4294903399
590,361,2,0,0,0,3,64512,0,64708,64744,584,42356,16777216,4294903399
591,362,2,0,0,0,3,1060,0,64764,1292,64800,64816,21248,4294903413
592,363,2,0,0,0,3,64512,816,64708,64832,584,42356,16777216,4294903399
593,364,2,0,0,0,3,1060,0,64852,1292,64800,64888,12288,4294903413
594,365,2,0,0,0,3,1060,0,64904,1292,64800,64940,12288,4294903413
595,366,2,0,0,0,3,11776,22980,24656,1292,21204,22992,1074020420,50267765
596,366,1,0,0,0,3,1060,22820,37812,1652,22868,1688,286724,4294903402
597,366,0,0,0,0,3,1060,45328,64956,64992,22932,65012,278532,4294903411
598,366,2,0,0,0,3,1060,0,65028,1292,22788,22804,21253,4294903420
599,366,2,0,0,0,3,65064,11972,3212,12552,584,12572,262144,4294903399
600,367,2,1,1,1,3,65260,65456,9628,9664,6484,65468,1074003972,71173735
601,367,2,1,1,1,3,65260,65484,9628,9664,6484,65468,1074003972,71173735
602,367,2,1,1,1,3,65260,49328,9628,9664,6484,65468,1074003972,71173735
603,367,2,1,1,1,3,65260,60264,9628,9664,6484,65468,1074003972,71173735
604,368,2,0,0,0,3,1060,65496,65508,1292,65544,4840,16384,4294903400
605,368,2,1,1,1,3,65560,65756,30024,65768,184,23284,1208238144,4294903399
606,369,2,1,1,1,3,65788,0,30180,31028,932,30252,1208242240,83822183
607,369,2,1,1,1,3,65260,0,65984,9664,6484,66020,1074003972,71239271
608,370,2,0,0,0,3,27112,0,66036,1292,66072,51048,134492164,4294903413
609,371,2,0,0,0,3,1060,0,3212,66088,49116,66108,25377,4294903471
610,372,2,0,0,0,3,11776,66124,66136,1292,21204,66172,16384,4294903413
611,373,2,0,0,0,3,27112,66188,66200,66236,66256,66272,0,4294903413
612,373,2,0,0,0,3,27112,66288,66200,66236,66256,66300,0,4294903413
613,374,2,0,0,0,3,1060,0,66316,46916,49356,66352,21249,4294903420
614,375,2,0,0,0,3,66368,0,66564,1292,66600,66616,524292,83822197
615,376,2,0,0,0,3,66632,0,35368,1292,66600,66616,524292,83822197
616,377,2,0,0,0,3,48788,0,15664,66828,45892,49016,16777216,4282386023
617,378,1,0,0,0,3,66848,0,66564,1292,66600,67044,524292,83822197
618,379,1,0,0,0,3,66848,0,35368,1292,66600,67044,524292,83822197
619,380,2,0,0,0,3,67060,67256,3212,12552,584,12572,16777216,4294903399
620,381,2,7,0,0,3,67268,0,37348,67464,45892,67484,1090519040,4282451559
621,382,2,1,1,1,3,67500,0,67696,31028,67732,20300,1208242244,4294903413
622,382,2,0,0,0,3,27112,0,67748,1292,66072,51048,134488064,4294903413
623,382,2,1,1,1,3,67784,0,67696,31028,67980,20300,1208242244,33490541
624,383,2,0,0,0,3,27112,0,67748,1292,66072,51048,134488064,4294903413
625,383,2,1,1,1,3,67996,0,68192,9664,6484,68228,1208221764,71435879
626,384,2,1,1,1,3,24824,0,68244,68280,67732,68300,1208238180,4294903413
627,385,2,0,0,0,3,11776,0,25624,68316,68336,68352,16793604,4294903413
628,386,0,0,0,0,3,1060,0,68368,68404,68424,68440,24576,4294903411
629,387,0,0,0,0,3,1060,0,68456,1292,1520,17208,1064960,4294903424
630,387,2,1,1,1,3,31464,0,15432,68492,1520,31728,152322048,4294903425
631,388,0,0,0,0,3,1060,0,68512,1292,1520,17208,1064960,4294903424
632,389,2,0,0,0,3,24824,18140,30992,68576,68596,68612,16797828,234817141
633,390,2,1,1,1,3,31464,0,68628,39756,1520,31728,16793600,4294903425
634,391,2,1,1,1,3,68676,68872,68884,68920,1520,68940,16777280,4294903425
635,404,2,0,0,0,3,1060,11972,13320,1292,68956,13372,283393,4294903420
636,404,2,0,0,0,3,12812,11972,3212,12552,584,12572,262144,4294903399
637,404,2,0,3,3,3,13460,0,13680,13728,1520,13748,16392,4294903419
638,404,2,0,0,0,3,68972,11972,3212,12552,584,12572,262144,4294903399
639,404,1,0,3,3,1,1060,11972,69168,1652,69204,14012,286724,4294903402
640,404,0,0,0,0,2,1060,14028,14040,14076,68956,14096,17063940,4294903411
641,404,2,0,0,0,3,11776,11972,11984,1292,68956,12036,1074020420,50267765
642,404,2,3,3,3,3,69220,0,12272,69428,1520,69448,16793600,4294903399
643,404,2,0,0,0,3,13764,11972,3212,12552,584,12572,262144,4294903399
644,405,0,0,0,0,3,1060,0,68368,68404,69464,68440,24576,4294903411
645,406,2,2,1,1,3,69480,69676,69688,69752,3180,69772,16924672,4294903450
646,407,2,2,1,1,3,69788,69984,69996,70032,3180,70052,16924800,4294903468
647,408,2,2,1,1,3,1060,20704,70068,1292,3180,70104,147456,4294903450
648,409,2,0,3,3,3,1060,0,70120,1292,15176,70156,20480,4294903446
649,410,2,0,0,0,3,11776,0,25624,70184,68336,70204,16793604,4294903413
650,411,0,0,0,0,3,1060,31344,70220,22108,13832,39060,24576,4294903411
651,412,1,0,3,3,3,1060,11972,70256,1652,54112,70292,286720,4294903402
652,413,2,1,1,1,3,70308,0,70504,70540,19988,70560,1073877056,4280026727
653,413,2,0,0,0,3,1060,0,27308,1292,4824,70576,16384,67044968
654,414,2,1,1,1,3,28080,0,836,70604,19988,28288,3221229632,34014823
655,415,1,0,0,0,3,1060,22820,70624,1652,22868,70660,286724,4294903402
656,415,2,0,0,0,3,27112,0,70676,1292,66072,70712,134488068,83822197
657,415,2,3,3,3,7,70728,0,3144,70936,51032,70956,1074153536,4279371373
658,415,2,0,3,3,3,1060,15484,16296,16332,932,70972,16793604,4294903418
659,416,2,0,0,0,3,70988,0,4692,10408,184,71184,16777280,4294903399
660,417,2,1,1,1,3,71200,0,71396,55012,0,71432,134500416,16713319
661,418,0,0,0,0,3,1060,0,71448,1292,71484,71500,20480,4294903411
662,419,0,0,0,0,3,1060,0,71516,1292,28048,71552,20480,4294903411
663,420,0,0,0,0,3,1060,4176,71568,1292,71604,71620,36864,4294903411
664,420,2,0,0,0,3,1060,4176,4188,1292,184,4224,32768,83822191
665,421,2,1,1,1,3,71636,0,71832,71868,14736,71888,1208373312,4294903399
666,422,2,0,0,0,3,66368,0,71904,1292,66600,71940,524288,268371573
667,423,2,0,0,0,3,66632,0,71956,1292,66600,71992,524288,83822197
668,424,2,0,0,0,3,48788,0,72008,72044,45892,72064,16777216,4282386023
669,425,2,0,0,0,3,48788,0,3212,72044,45892,72064,16777216,4283565671
670,426,2,0,0,0,3,66368,0,71904,1292,66600,72080,524288,268371573
671,427,2,0,0,0,3,72096,0,3212,12552,584,19732,16777216,4294903399
672,428,2,0,1,1,3,72292,72488,72008,72044,45892,72064,16777216,4283631207
673,429,2,0,0,0,3,72500,72696,3212,12552,584,12572,16777216,4294903399
674,430,2,0,1,1,3,72708,72488,42672,72044,45892,72064,16777216,4283696743
675,431,2,0,0,0,3,1060,72904,72916,1292,22788,72952,16798465,4294903420
676,431,2,0,0,0,3,1060,72968,72980,1292,22788,73016,16798465,4294903420
677,431,2,0,0,0,3,1060,33852,73032,1292,22788,73068,16798465,4294903420
678,431,2,0,0,0,3,1060,73084,73096,1292,22788,73132,16798465,4294903420
679,431,2,0,0,0,3,48788,0,41588,48996,45892,73160,16777216,4283762279
680,431,1,0,0,0,3,1060,73176,73188,73224,73244,73260,290816,4294903402
681,431,1,0,0,0,3,1060,73176,73188,73276,49512,73296,290816,4294903402
682,431,1,0,0,0,3,1060,73312,73324,49168,49600,73360,16805888,4294903402
683,431,2,0,0,0,3,73376,0,4692,10408,184,50124,16777280,4294903399
684,431,2,0,0,0,3,11776,40348,71904,1292,21204,73572,540736,4294903413
685,432,2,0,0,0,3,1060,71400,73588,1292,0,73624,16801792,4294903469
686,433,2,0,0,0,3,73640,0,3212,12552,584,73836,0,4294903399
687,434,2,0,0,0,3,73852,0,3212,12552,584,73836,0,4294903399
688,435,2,0,1,1,3,31796,0,836,32056,932,32076,2164265024,4280616551
689,436,2,0,0,0,3,1060,0,49256,46916,22788,49292,21249,4294903420
690,437,2,0,0,0,3,35160,35356,35368,1292,0,74060,16801792,4294903461
691,437,2,0,0,0,3,74076,0,3212,12552,584,12572,0,4294903399
692,437,2,0,0,0,3,1060,35356,74272,1292,74308,74324,16797696,4294903461
693,438,2,0,0,0,3,74340,0,3212,12552,584,15700,0,4294903399
694,439,2,0,0,0,3,74536,72488,42672,72044,45892,72064,16777216,4283827815
695,439,2,0,0,0,3,74536,72488,42672,72044,45892,72064,16777216,4283893351
696,440,2,0,0,0,3,1060,74732,48472,74768,74788,74804,16793600,4294903413
697,441,2,1,1,1,3,24824,74820,74832,1292,74868,50124,1073758244,4294903405
698,442,0,0,0,0,3,1060,0,74884,1292,14428,14444,16384,117376648
699,442,2,0,0,0,3,1060,0,11612,74920,14360,14376,278528,4294903418
700,443,2,0,0,0,3,1060,0,74940,1292,74976,74992,33574916,4294903470
701,444,2,0,0,0,3,11776,0,3532,1292,75008,25812,16384,83822197
702,445,2,0,0,0,3,11776,0,75024,70184,75060,70204,16793604,4294903413
703,446,0,0,0,0,3,1060,0,75076,1292,16996,58460,20480,4294903414
704,447,0,0,0,0,3,1060,0,75112,1292,75148,18364,16388,4294903415
705,459,2,1,1,2,3,75164,8452,3144,75360,7372,8512,1073758208,37946983
706,460,2,1,1,3,3,75380,75576,75588,75624,42728,75644,3221356612,72025737
707,461,2,1,1,3,3,75380,75576,75588,30060,25056,75644,3221356612,72091273
708,462,2,1,1,3,3,75380,75576,75588,42796,35952,75644,3221356612,72156809
709,463,2,1,1,3,3,75380,75576,75588,42816,42836,75644,3221356612,72222345
710,464,2,1,1,3,3,75380,75576,75588,42852,42872,75644,3221356612,72287881
711,465,2,1,1,3,3,75380,75576,75588,42888,932,75644,3221356612,72353417
712,466,2,1,1,3,3,75380,75576,75588,42908,42928,75644,3221356612,72418953
713,467,2,0,0,0,3,43156,75660,75672,75708,75728,75744,16793600,4294902038
714,469,2,0,3,3,3,13460,0,75760,75796,1520,75816,16793600,4294903419
715,469,2,0,0,0,3,24224,11972,3212,12552,584,12572,0,4294903399
716,469,1,0,3,3,3,1060,11972,75832,75868,75888,75904,286720,4294903402
717,470,2,0,3,3,3,1060,0,4692,75920,1520,75940,1090535424,4294903444
718,489,0,0,0,0,3,1060,0,75956,75992,38924,38940,16801792,4294903411
719,489,0,0,0,0,3,1060,0,38816,75992,38872,76012,16793600,4294903411
720,4294967295,2,0,3,3,3,1060,0,3212,1292,184,76028,16392,4294903399
721,4294967295,2,0,3,3,3,1060,0,3212,1292,184,76028,16392,4294903399
